Model;accuracy;precision;recall;f1_score;precision_macro;recall_macro;f1_score_macro;precision_micro;recall_micro;f1_score_micro;training_time
Logistic Regression (TF-IDF);0.45461663947797715;0.4784124084731164;0.45461663947797715;0.45998532912795637;0.43323843189253386;0.46266798687261057;0.44067728636440684;0.45461663947797715;0.45461663947797715;0.45461663947797715;68.88859677314758
Linear SVM;0.44835236541598694;0.45874523216276264;0.44835236541598694;0.4515353064210705;0.41876019322789687;0.4364636158714439;0.42523671118747003;0.44835236541598694;0.44835236541598694;0.44835236541598694;65.69678544998169
Naive Bayes (Count);0.41703099510603586;0.43082288914321;0.41703099510603586;0.41916534624807367;0.3915214937804704;0.41077488980790466;0.39545018666476345;0.41703099510603586;0.41703099510603586;0.41703099510603586;56.21508026123047
Complement Naive Bayes;0.42264274061990215;0.43126861816084733;0.42264274061990215;0.41550489379812233;0.39299959708976784;0.3990474025435719;0.379071513319717;0.42264274061990215;0.42264274061990215;0.42264274061990215;51.840139627456665
Naive Bayes (TF-IDF);0.4523327895595432;0.5058211982822118;0.4523327895595432;0.39615506297103253;0.5583112036187752;0.32994424443382375;0.3206717648927639;0.4523327895595432;0.4523327895595432;0.4523327895595432;54.01983404159546
Decision Tree;0.3634584013050571;0.3260799364666028;0.3634584013050571;0.28309278927984893;0.3030939799560133;0.2414198761738129;0.21169692314838323;0.3634584013050571;0.3634584013050571;0.3634584013050571;35.55125069618225
