Model;accuracy;precision;recall;f1_score;precision_macro;recall_macro;f1_score_macro;precision_micro;recall_micro;f1_score_micro;training_time
Linear SVM;0.5228029423151375;0.5207358346420135;0.5228029423151375;0.5068209803504232;0.526339707318573;0.4538084989826462;0.46855269466761484;0.5228029423151375;0.5228029423151375;0.5228029423151375;49.129047870635986
Logistic Regression (TF-IDF);0.5057684862562911;0.5100331047261669;0.5057684862562911;0.4790437644898629;0.5232207188341753;0.4142904605784323;0.4264107011384463;0.5057684862562911;0.5057684862562911;0.5057684862562911;43.49652934074402
Naive Bayes (Count);0.3992773261065944;0.4186127312727136;0.3992773261065944;0.39960153362671885;0.3787129550772623;0.4067769695256088;0.3824469825286536;0.3992773261065944;0.3992773261065944;0.3992773261065944;32.89324450492859
Complement Naive Bayes;0.3995354239256678;0.4218248304428823;0.3995354239256678;0.392522620265536;0.38055117453957976;0.3825496950103736;0.355994963772113;0.3995354239256678;0.3995354239256678;0.3995354239256678;32.99743628501892
Decision Tree;0.4287004774809653;0.4592660942622434;0.4287004774809653;0.3715357537326721;0.48108218933820357;0.3101230697812559;0.3095587501521184;0.4287004774809653;0.4287004774809653;0.4287004774809653;50.079893827438354
Naive Bayes (TF-IDF);0.41300813008130083;0.5670482681626634;0.41300813008130083;0.31346777724636976;0.6646147290268845;0.26910425770319224;0.23140674057918434;0.41300813008130083;0.41300813008130083;0.41300813008130083;35.2141489982605
